# Yale Bright Star Catalogue (BSC5, 5th Revised Ed.), Hoffleit & Warren 1991.
# http://tdc-www.harvard.edu/catalogs/bsc5.html — public domain.
# Every star north of Dec +25 down to V 6.0: the naked-eye circumpolar sky.
# Positions are J2000. Nothing here is drawn by hand.
# ra_deg	dec_deg	vmag	bayer
279.2346	38.7836	0.03	Alp Lyr
79.1725	45.9981	0.08	Alp Aur
116.3287	28.0261	1.14	Bet Gem
310.3579	45.2803	1.25	Alp Cyg
81.5729	28.6075	1.65	Bet Tau
193.5071	55.9597	1.77	Eps UMa
51.0808	49.8611	1.79	Alp Per
165.9321	61.7508	1.79	Alp UMa
206.8850	49.3133	1.86	Eta UMa
89.8821	44.9475	1.90	Bet Aur
113.6500	31.8883	1.98	Alp Gem
239.8758	25.9203	2.00	
37.9529	89.2642	2.02	Alp UMi
2.0971	29.0906	2.06	Alp And
17.4329	35.6206	2.06	Bet And
222.6763	74.1556	2.08	Bet UMi
47.0421	40.9556	2.12	Bet Per
305.5571	40.2567	2.20	Gam Cyg
10.1271	56.5372	2.23	Alp Cas
233.6721	26.7147	2.23	Alp CrB
269.1517	51.4889	2.23	Gam Dra
30.9750	42.3297	2.26	Gam1 And
2.2946	59.1497	2.27	Bet Cas
200.9812	54.9253	2.27	Zet UMa
165.4604	56.3825	2.37	Bet UMa
345.9438	28.0828	2.42	Bet Peg
178.4575	53.6947	2.44	Gam UMa
319.6450	62.5856	2.44	Alp Cep
311.5529	33.9703	2.46	Eps Cyg
14.1771	60.7167	2.47	Gam Cas
89.9304	37.2125	2.62	The Aur
21.4542	60.2353	2.68	Del Cas
74.2483	33.1661	2.69	Iot Aur
221.2467	27.0742	2.70	Eps Boo
245.9979	61.5142	2.74	Eta Dra
262.6083	52.3014	2.79	Bet Dra
250.3217	31.6031	2.81	Zet Her
58.5329	31.8836	2.85	Zet Per
296.2437	45.1308	2.87	Del Cyg
113.6500	31.8886	2.88	Alp Gem
59.4633	40.0103	2.89	Eps Per
194.0071	38.3183	2.90	Alp2 CVn
46.1992	53.5064	2.93	Gam Per
340.7504	30.2214	2.94	Eta Peg
100.9829	25.1311	2.98	Eps Gem
75.4921	43.8233	2.99	Eps Aur
32.3858	34.9872	3.00	Bet Tri
55.7313	47.7875	3.01	Del Per
167.4158	44.4986	3.01	Psi UMa
218.0196	38.3083	3.03	Gam Boo
155.5821	41.4994	3.05	Mu UMa
230.1821	71.8339	3.05	Gam UMi
288.1388	67.6617	3.07	Del Dra
292.6804	27.9597	3.08	Bet1 Cyg
140.2637	34.3925	3.13	Alp Lyn
134.8017	48.0417	3.14	Iot UMa
258.7617	36.8092	3.16	Pi Her
76.6287	41.2344	3.17	Eta Aur
143.2142	51.6772	3.17	The UMa
257.1967	65.7147	3.17	Zet Dra
318.2342	30.2269	3.20	Zet Cyg
354.8367	77.6325	3.21	Gam Cep
322.1650	70.5608	3.23	Bet Cep
284.7358	32.6894	3.24	Gam Lyr
9.8321	30.8608	3.27	Del And
231.2325	58.9661	3.29	Iot Dra
183.8567	57.0325	3.31	Del UMa
332.7138	58.2011	3.35	Zet Cep
127.5662	60.7181	3.36	Omi UMa
28.5987	63.6700	3.38	Eps Cas
46.2942	38.8403	3.39	Rho Per
28.2704	29.5789	3.41	Alp Tri
266.6146	27.7206	3.42	Mu Her
311.3225	61.8389	3.43	Eta Cep
12.2750	57.8158	3.44	Eta Cas
154.2742	42.9144	3.45	Lam UMa
282.5200	33.3628	3.45	Bet Lyr
228.8758	33.3147	3.47	Del Boo
169.6196	33.0942	3.48	Nu UMa
225.4867	40.3906	3.50	Bet Boo
342.4200	66.2006	3.52	Iot Cep
250.7242	38.9222	3.53	Eta Her
24.4983	48.6283	3.57	
275.2642	72.7328	3.57	Chi Dra
217.9575	30.3714	3.58	Rho Boo
103.1971	33.9611	3.60	The Gem
135.9062	47.1567	3.60	Kap UMa
345.4804	42.3261	3.62	Omi And
42.4958	27.2606	3.63	
211.0971	64.3758	3.65	Alp Dra
9.2429	53.8969	3.66	Zet Cas
142.8821	63.0619	3.67	
231.9571	29.1058	3.68	Bet CrB
269.4412	29.2478	3.70	Xi Her
176.5125	47.7794	3.71	Chi UMa
89.8817	54.2847	3.72	Del Aur
316.2329	43.9278	3.72	Xi Cyg
318.6979	38.0456	3.72	Tau Cyg
75.6196	41.0758	3.75	Zet Aur
268.3821	56.8728	3.75	Xi Dra
337.2929	58.4153	3.75	Del Cep
42.6742	55.8956	3.76	Eta Per
331.7529	25.3450	3.76	Iot Peg
56.2983	42.5786	3.77	Nu Per
289.2758	53.3686	3.77	Kap Cyg
337.8229	50.2825	3.77	Alp Lac
111.4317	27.7981	3.79	Iot Gem
292.4262	51.7297	3.79	Iot2 Cyg
303.4079	46.7414	3.79	
47.3742	44.8572	3.80	Kap Per
147.7475	59.0386	3.80	Ups UMa
264.8662	46.0064	3.80	Iot Her
139.7113	36.8025	3.82	
354.3913	46.4581	3.82	Lam And
56.0796	32.2883	3.83	Omi Per
163.3279	34.2150	3.83	
271.8858	28.7625	3.83	Omi Her
297.0433	70.2678	3.83	Eps Dra
172.8508	69.3311	3.84	Lam Dra
235.6858	26.2956	3.84	Gam CrB
269.0633	37.2506	3.86	The Her
14.1883	38.4994	3.87	Mu And
188.3708	69.7883	3.87	Kap Dra
148.1908	26.0069	3.88	Mu Leo
244.9350	46.3133	3.89	Tau Her
299.0767	35.0833	3.89	Eta Cyg
255.0725	30.9264	3.92	Eps Her
314.2933	41.1672	3.94	Nu Cyg
43.5646	52.7625	3.95	Tau Per
200.9850	54.9217	3.95	Zet UMa
87.8725	39.1486	3.97	Nu Aur
135.1600	41.7828	3.97	
30.8587	72.4214	3.98	
303.8679	47.7144	3.98	
34.3287	33.8472	4.01	Gam Tri
201.3063	54.9881	4.01	
240.4721	58.5653	4.01	The Dra
307.3487	30.3686	4.01	
131.6742	28.7600	4.02	Iot Cnc
323.4954	45.5919	4.02	Rho Cyg
75.8546	60.4422	4.03	Bet Cam
59.7413	35.7911	4.04	Xi Per
62.1654	47.7125	4.04	
283.8338	43.9461	4.04	
47.2667	49.6133	4.05	Iot Per
216.2992	51.8508	4.05	The Boo
113.9804	26.8958	4.06	Ups Gem
25.9150	50.6886	4.07	Phi Per
325.8767	58.7800	4.08	Mu Cep
24.1992	41.4056	4.09	Ups And
41.0500	49.2283	4.12	The Per
326.1613	25.6450	4.13	Kap Peg
333.9925	37.7489	4.13	
63.7246	48.4094	4.14	Mu Per
233.2325	31.3592	4.14	The CrB
355.1021	44.3339	4.14	Kap And
239.3971	26.8778	4.15	Eps CrB
8.2500	62.9317	4.16	Kap Cas
112.2779	31.7844	4.18	Rho Gem
214.0958	46.0883	4.18	Lam Boo
333.7583	57.0436	4.19	Eps Cep
248.5258	42.4369	4.20	Sig Her
52.2671	59.9403	4.21	
156.9708	36.7072	4.21	Bet LMi
275.1896	71.3378	4.22	Phi Dra
307.3954	62.9942	4.22	The Cep
311.4154	30.7197	4.22	
42.6463	38.3186	4.23	
54.1225	48.1928	4.23	Psi Per
251.4921	82.0372	4.23	Eps UMi
297.6412	32.9142	4.23	Chi Cyg
319.3542	39.3947	4.23	Sig Cyg
326.6983	49.3094	4.23	Pi2 Cyg
17.1863	86.2569	4.25	
17.3758	47.2419	4.25	Phi And
69.1725	41.2647	4.25	
125.7088	43.1881	4.25	
216.8812	75.6961	4.25	
89.9838	45.9369	4.26	Pi Aur
188.4354	41.3575	4.26	Bet CVn
197.9683	27.8781	4.26	Bet Com
242.1925	44.9350	4.26	Phi Her
115.8279	28.8836	4.28	Sig Gem
61.6458	50.3514	4.29	Lam Per
73.5125	66.3428	4.29	Alp Cam
144.2717	81.3264	4.29	
326.3621	61.1208	4.29	Nu Cep
330.9475	64.6278	4.29	Xi Cep
332.4967	33.1783	4.29	Pi2 Peg
354.5342	43.2681	4.29	Iot And
283.6258	36.8989	4.30	Del2 Lyr
303.3496	56.5678	4.30	
231.1225	37.3772	4.31	Mu1 Boo
236.0146	77.7944	4.32	Zet UMi
17.7758	55.1497	4.33	The Cas
274.9654	36.0644	4.33	Kap Lyr
93.8446	29.4981	4.35	Kap Aur
104.3188	58.4225	4.35	
9.2204	33.7194	4.36	Pi And
52.6438	47.9953	4.36	Sig Per
186.7346	28.2683	4.36	Gam Com
263.0538	86.5864	4.36	Del UMi
281.1933	37.6050	4.36	Zet1 Lyr
289.0921	38.1336	4.36	The Lyr
337.3825	47.7069	4.36	
9.6387	29.3117	4.37	Eps And
288.4396	39.1461	4.39	Eta Lyr
302.2221	77.7114	4.39	Kap Cep
107.7850	30.2453	4.41	Tau Gem
169.5458	31.5292	4.41	Xi UMa
262.6846	26.1106	4.41	Lam Her
269.6258	30.1894	4.41	Nu Her
346.9746	75.3875	4.41	Pi Cep
305.9654	32.1900	4.43	
319.4796	34.8969	4.43	Ups Cyg
335.8900	52.2292	4.43	Bet Lac
288.8875	73.3556	4.45	Tau Dra
141.1637	26.1822	4.46	Kap Leo
218.6700	29.7450	4.46	Sig Boo
340.1288	44.2764	4.46	
50.0850	29.0483	4.47	
57.3800	65.5261	4.47	
74.3217	53.7522	4.47	
94.9058	59.0108	4.48	
137.2179	51.6047	4.48	
151.8575	35.2447	4.48	
294.1104	50.2211	4.48	The Cyg
333.4696	39.7150	4.49	
143.7062	52.0514	4.50	
17.9150	30.0897	4.51	Tau Psc
41.9771	29.2472	4.51	
300.7046	67.8736	4.51	Rho Dra
311.3379	57.5797	4.51	
337.6221	43.1233	4.51	
4.5821	36.7853	4.52	Sig And
37.2667	67.4025	4.52	Iot Cas
87.2938	39.1811	4.52	Tau Aur
260.9208	37.1458	4.52	Rho Her
303.9421	27.8142	4.52	
348.1375	49.4064	4.52	
12.4533	41.0789	4.53	Nu And
42.8783	35.0597	4.53	
311.8521	36.4908	4.53	Lam Cyg
11.1812	48.2844	4.54	Omi Cas
30.4892	70.9069	4.54	
52.4787	58.8786	4.54	
79.5446	33.3717	4.54	
213.3708	51.7903	4.54	Kap2 Boo
226.1112	26.9475	4.54	Psi Boo
358.5958	57.4994	4.54	Rho Cas
105.0167	76.9775	4.55	
143.5558	36.3975	4.55	
316.6504	47.6483	4.55	
136.6325	38.4522	4.56	
143.6204	69.8303	4.56	
325.4804	71.3114	4.56	
335.2567	46.5367	4.57	
336.1292	49.4764	4.57	
88.3317	27.6122	4.58	
265.4846	72.1489	4.58	Psi1 Dra
148.0267	54.0644	4.59	Phi UMa
290.1671	65.7147	4.59	Pi Dra
313.0321	27.0969	4.59	
130.0533	64.3278	4.60	Pi2 UMa
224.3958	65.9325	4.60	
4.2729	38.6817	4.61	The And
64.5608	50.2956	4.61	
308.4758	35.2508	4.61	
238.1688	42.4517	4.62	Chi Her
14.1658	59.1811	4.63	Ups2 Cas
47.8225	39.6117	4.63	Ome Per
57.5896	71.3322	4.63	Gam Cam
237.3988	26.0683	4.63	Del CrB
339.3433	51.5453	4.63	
111.6783	49.2114	4.64	
300.2754	27.7536	4.64	
207.8579	64.7233	4.65	
259.4179	37.2917	4.65	
346.0458	50.0522	4.65	
40.8629	27.7072	4.66	
205.1846	54.6817	4.66	
282.8004	59.3883	4.66	Omi Dra
359.4396	25.1414	4.66	Psi Peg
52.3421	49.5089	4.67	
137.7296	63.5136	4.67	Tau UMa
325.5237	51.1897	4.67	Pi1 Cyg
293.0900	69.6611	4.68	Sig Dra
294.8442	30.1533	4.69	Phi Cyg
44.6904	39.6628	4.70	Pi Per
203.6137	49.0161	4.70	
23.4829	59.2319	4.71	Chi Cas
36.4058	50.2786	4.71	
63.7221	40.4836	4.71	
79.7854	40.0992	4.71	Lam Aur
159.6800	31.9761	4.71	
163.4946	43.1900	4.71	Ome UMa
343.6033	84.3461	4.71	
7.9433	54.5222	4.73	Lam Cas
199.3854	40.5725	4.73	
324.4800	62.0819	4.73	
326.0358	28.7428	4.73	Mu1 Cyg
21.4833	68.1300	4.74	Psi Cas
87.7600	37.3056	4.74	Ups Aur
156.4787	33.7961	4.74	
207.9479	34.4442	4.74	
292.9429	34.4531	4.74	
314.9567	47.5211	4.74	
341.8708	83.1539	4.74	
158.3079	40.4256	4.75	
214.0413	51.3672	4.75	Iot Boo
349.6562	68.1117	4.75	Omi Cep
19.8667	27.2642	4.76	Ups Psc
46.3850	56.7058	4.76	
83.1821	32.1919	4.76	Chi Aur
135.6362	67.6297	4.76	Rho UMa
225.9475	47.6544	4.76	
240.6996	46.0367	4.76	Ups Her
242.2429	36.4908	4.76	Tau CrB
346.7783	25.4683	4.76	
278.1438	57.0456	4.77	
73.1583	36.7031	4.78	
169.7829	38.1856	4.78	
303.8163	25.5919	4.78	
313.3117	44.3872	4.78	
99.8329	42.4889	4.79	Psi2 Aur
332.4517	72.3411	4.79	
340.4392	29.3075	4.79	Omi Peg
10.5162	50.5125	4.80	Xi Cas
56.5096	63.3450	4.80	
94.7117	69.3197	4.80	
137.5967	67.1347	4.80	Sig2 UMa
186.0062	51.5622	4.80	
196.7946	27.6247	4.80	
264.2379	68.7581	4.80	Ome Dra
359.6033	51.3886	4.80	
143.7658	39.6214	4.81	
185.6263	25.8461	4.81	
214.4992	35.5094	4.81	
220.8558	26.5278	4.81	
225.5271	25.0081	4.81	Ome Boo
304.4467	38.0331	4.81	
335.3304	28.3306	4.81	
13.2671	61.1242	4.82	
32.1221	37.8592	4.82	
49.6825	34.2228	4.82	
89.4988	25.9539	4.82	
204.3650	36.2950	4.82	
212.2121	77.5475	4.82	
237.8079	35.6575	4.82	Kap CrB
252.3092	45.9833	4.82	
259.3313	33.1000	4.82	
276.4963	65.5636	4.82	
283.5996	71.2972	4.82	Ups Dra
13.7504	58.9728	4.83	Ups1 Cas
21.9142	45.4067	4.83	Ome And
33.3054	44.2317	4.83	
139.0471	54.0219	4.83	
212.5996	25.0917	4.83	
250.2296	64.5892	4.83	
281.5187	26.6622	4.83	
303.3250	46.8158	4.83	
30.9779	42.3308	4.84	Gam2 And
49.9975	65.6522	4.84	
122.1142	51.5067	4.84	
157.6567	55.9806	4.84	
158.7729	75.7131	4.84	
312.2346	46.1142	4.84	
65.3883	46.4989	4.85	
245.5242	30.8919	4.85	Xi CrB
251.3242	56.7819	4.85	
346.6538	59.4197	4.85	
349.4363	49.0153	4.85	
78.3571	38.4844	4.86	Mu Aur
34.2633	34.2242	4.87	Del Tri
47.9846	74.3936	4.87	
101.5588	59.4417	4.87	
169.5454	31.5292	4.87	Xi UMa
263.0667	55.1731	4.87	Nu2 Dra
356.7646	58.6519	4.87	Tau Cas
20.5850	45.5289	4.88	Xi And
72.4775	37.4883	4.88	
263.0442	55.1842	4.88	Nu1 Dra
339.8154	39.0503	4.88	
359.7521	55.7550	4.88	Sig Cas
12.2088	50.9683	4.89	Nu Cas
254.0071	65.1347	4.89	
296.0692	37.3544	4.89	
104.4046	45.0942	4.90	
107.9138	39.3206	4.90	
114.7913	34.5842	4.90	Omi Gem
195.0687	30.7850	4.90	
249.6871	48.9283	4.90	
323.6942	38.5342	4.90	
40.5621	40.1939	4.91	
96.2246	49.2881	4.91	Psi1 Aur
311.2188	25.2706	4.91	
329.1629	63.6256	4.91	
352.5083	58.5489	4.91	
198.4292	40.1528	4.92	
283.3067	50.7083	4.92	
298.9075	52.4389	4.92	Psi Cyg
311.7950	34.3742	4.92	
44.7654	35.1831	4.93	
65.1025	34.5667	4.93	
195.1825	56.3664	4.93	
285.0038	32.1456	4.93	Lam Lyr
302.3567	36.8397	4.93	
355.9979	29.3617	4.93	
10.8671	47.0247	4.94	Pi Cas
25.1450	40.5769	4.94	Tau And
33.0929	30.3031	4.94	
74.8142	37.8903	4.94	Ome Aur
120.8796	27.7942	4.94	Chi Gem
188.6833	70.0219	4.94	
192.9246	27.5406	4.94	
298.9654	38.4867	4.94	
343.0083	43.3125	4.94	
25.4467	42.6136	4.95	
50.3604	43.3294	4.95	
65.0888	27.3508	4.95	Phi Tau
186.6004	27.2683	4.95	
187.5279	69.2011	4.95	
239.4475	54.7497	4.95	
244.3762	75.7553	4.95	Eta UMi
307.5146	48.9517	4.95	Ome1 Cyg
344.1083	49.7336	4.95	
356.5088	46.4203	4.95	Psi And
112.7683	82.4114	4.96	
232.8538	77.3494	4.96	The UMi
298.9808	58.8461	4.96	
55.5938	33.9650	4.97	
118.3742	26.7658	4.97	Phi Gem
156.0329	65.5664	4.97	
272.9758	31.4053	4.97	
291.0317	29.6214	4.97	
303.6333	36.8064	4.97	
20.0204	58.2317	4.98	Phi Cas
24.8375	44.3861	4.98	Chi And
32.3554	25.9397	4.98	
52.0129	49.0628	4.98	
94.4783	61.5153	4.98	
203.6992	37.1825	4.98	
275.9771	58.8006	4.98	
351.2096	62.2828	4.98	
353.4883	31.3253	4.98	
29.0000	68.6853	4.99	Ome Cas
81.1633	37.3856	4.99	Sig Aur
88.7117	55.7069	4.99	Xi Aur
115.7517	58.7103	4.99	
170.7067	43.4828	4.99	
191.2825	45.4403	4.99	
240.3608	29.8511	4.99	Iot CrB
288.4800	57.7050	4.99	
296.6067	33.7278	4.99	
59.2846	61.1089	5.00	
76.6692	51.5978	5.00	
160.7671	69.0761	5.00	
184.1254	33.0614	5.00	
186.7471	26.8256	5.00	
246.9958	68.7681	5.00	
271.8700	43.4617	5.00	
319.6133	43.9458	5.00	
345.0213	56.9453	5.00	
112.4529	27.9161	5.01	
209.1425	27.4919	5.01	
285.3600	46.9347	5.01	
313.6400	28.0575	5.01	
324.2375	40.4136	5.01	
78.8517	32.6878	5.02	
100.7708	44.5244	5.02	Psi4 Aur
102.6912	41.7814	5.02	Psi7 Aur
186.4621	39.0186	5.02	
229.2746	71.8239	5.02	
232.7325	40.8331	5.02	Nu1 Boo
232.9458	40.8994	5.02	Nu2 Boo
267.2679	50.7811	5.02	
2.5804	46.0722	5.03	
17.0038	43.9419	5.03	
34.7375	28.6425	5.03	
49.0508	50.9378	5.03	
49.7817	50.0950	5.03	
59.3563	63.0722	5.03	
80.0037	33.9581	5.03	
110.8688	25.0506	5.03	
163.9350	33.5069	5.03	
273.4742	64.3972	5.03	
297.6571	52.9881	5.03	
329.8125	73.1800	5.03	
30.5754	54.4875	5.04	
247.1604	41.8817	5.04	
267.3625	76.9628	5.04	
271.7563	30.5619	5.04	
280.6579	55.5394	5.04	
312.5204	44.0594	5.04	
327.4612	30.1742	5.04	
332.8779	59.4144	5.04	Lam Cep
356.9783	67.8069	5.04	
69.9779	53.0797	5.05	
80.6396	79.2311	5.05	
109.6329	49.4650	5.05	
112.3350	28.1181	5.05	
164.8667	40.4303	5.05	
262.9912	68.1350	5.05	
275.3863	49.1217	5.05	
300.3400	50.1047	5.05	
61.1133	59.1556	5.06	
281.0850	39.6700	5.06	Eps1 Lyr
295.2092	45.5250	5.06	
75.0862	81.1939	5.07	
81.9121	34.4758	5.07	Phi Aur
115.1271	87.0200	5.07	
234.8446	36.6358	5.07	Zet2 CrB
9.0346	54.1686	5.08	
76.5354	58.9725	5.08	
165.2100	39.2122	5.08	
249.0571	52.9244	5.08	
257.3888	40.7772	5.08	
328.2658	25.9250	5.08	
338.9421	73.6431	5.08	
341.0229	41.8192	5.08	
52.5008	55.4519	5.09	
147.1475	46.0211	5.09	
55.5388	63.2167	5.10	
62.5117	80.6986	5.10	
163.3937	54.5850	5.10	
345.6513	42.7578	5.10	
44.3221	31.9342	5.11	
57.3858	33.0914	5.11	
233.8125	39.0100	5.11	Mu CrB
292.6887	27.9653	5.11	Bet2 Cyg
325.0462	43.2739	5.11	
331.2871	62.2800	5.11	
103.4258	68.8883	5.12	
160.4858	65.7164	5.12	
221.2467	27.0750	5.12	Eps Boo
267.2050	25.6228	5.12	
275.2542	28.8700	5.12	
276.0575	39.5072	5.12	Mu Lyr
287.9187	56.8592	5.12	
297.6417	38.7225	5.12	
9.1942	44.4886	5.13	
110.5108	36.7606	5.13	
138.5858	61.4233	5.13	
228.6596	67.3467	5.13	
287.2908	76.5606	5.13	
102.7379	67.5719	5.14	
116.8762	33.4156	5.14	Pi Gem
125.0163	27.2178	5.14	Chi Cnc
137.0983	66.8733	5.14	Sig1 UMa
149.4212	41.0556	5.14	
183.0496	77.6164	5.14	
281.0954	39.6131	5.14	Eps2 Lyr
298.3225	57.5236	5.14	
331.5083	45.0144	5.14	
38.0258	36.1472	5.15	
49.6575	50.2222	5.15	
132.9867	43.7267	5.15	
199.5604	49.6819	5.15	
291.5379	36.3178	5.15	
17.7783	31.4247	5.16	
39.5083	72.8183	5.16	
158.7904	57.0828	5.16	
268.3254	40.0081	5.16	
7.0571	44.3944	5.17	
17.0683	54.9203	5.17	Mu Cas
35.5892	55.8456	5.17	
145.7383	72.2525	5.17	
294.1579	44.6950	5.17	
304.6629	34.9828	5.17	
325.7667	72.3203	5.17	
5.2804	37.9686	5.18	Rho And
25.7329	70.6225	5.18	
84.9342	25.8969	5.18	
116.6637	37.5175	5.18	
160.8871	46.2039	5.18	
186.0771	26.0986	5.18	
290.7121	26.2625	5.18	
303.5604	28.6947	5.18	
319.8425	64.8719	5.18	
36.1037	50.0067	5.19	
64.1796	53.6119	5.19	
111.0354	40.6722	5.19	
236.6667	62.5994	5.19	
299.9800	37.0428	5.19	
339.6625	63.5844	5.19	
61.6517	27.6000	5.20	
88.7408	59.8883	5.20	
99.7050	39.9025	5.20	Psi3 Aur
108.9788	59.6375	5.20	
134.8858	32.4186	5.20	Sig3 Cnc
146.6321	57.1281	5.20	
174.0117	69.3228	5.20	
245.5892	33.7992	5.20	Nu1 CrB
307.8767	74.9547	5.20	
96.7037	58.4172	5.21	
180.5283	43.0456	5.21	
316.7275	38.7458	5.21	
339.6579	56.7958	5.21	
31.3800	76.1150	5.22	
101.9150	48.7894	5.22	Psi6 Aur
133.9154	27.9275	5.22	Rho2 Cnc
284.2567	32.9014	5.22	
352.8225	39.2364	5.22	
7.5304	29.7517	5.23	
20.2808	28.7381	5.23	
51.1687	64.5861	5.23	
61.7521	29.0014	5.23	Psi Tau
80.4517	41.8044	5.23	Rho Aur
263.7479	61.8750	5.23	
286.8567	32.5017	5.23	
161.4663	30.6822	5.24	
193.8687	65.4386	5.24	
213.0167	69.4325	5.24	
234.4567	40.3533	5.24	Phi Boo
304.2304	40.3650	5.24	
322.3625	46.5406	5.24	
332.9533	56.8394	5.24	
345.8871	67.2092	5.24	
101.6846	43.5775	5.25	Psi5 Aur
144.5904	40.2397	5.25	
196.4354	35.7989	5.25	
212.0721	49.4581	5.25	
226.5696	54.5564	5.25	
245.4529	69.1094	5.25	
255.4017	33.5683	5.25	
282.4704	32.5508	5.25	Nu2 Lyr
340.3692	40.2256	5.25	
29.9083	64.6214	5.26	
57.5788	25.5794	5.26	
157.7692	82.5586	5.26	
228.6217	29.1642	5.26	Chi Boo
22.5258	47.0072	5.27	
65.1679	65.1406	5.27	
98.8004	28.0222	5.27	
116.0175	50.4339	5.27	
138.9579	56.7414	5.27	
148.9292	49.8200	5.27	
176.7317	55.6283	5.27	
211.9825	43.8544	5.27	
281.4446	74.0856	5.27	
284.9396	26.2306	5.27	
300.3687	64.8211	5.27	
331.2521	62.7856	5.27	
333.2942	86.1081	5.27	
24.6288	73.0400	5.28	
33.9842	33.3589	5.28	
45.2175	52.3517	5.28	
59.1521	50.6953	5.28	
66.5263	31.4389	5.28	
80.8658	57.5444	5.28	
192.3067	83.4128	5.28	
286.8254	36.1003	5.28	Iot Lyr
17.6638	68.7786	5.29	
37.0417	29.6694	5.29	
50.8050	49.2133	5.29	
70.7262	43.3650	5.29	
99.1371	38.4453	5.29	
184.9529	48.9842	5.29	
187.2279	25.9128	5.29	
249.5017	56.0156	5.29	
330.9704	63.1197	5.29	
34.8200	47.3800	5.30	
39.2604	34.2639	5.30	
40.1713	27.0608	5.30	
72.0012	56.7572	5.30	
175.6183	66.7450	5.30	
354.7846	50.4717	5.30	
33.4012	51.0658	5.31	
53.1096	46.0569	5.31	
116.0288	25.7842	5.31	
172.2675	39.3369	5.31	
321.7150	48.8350	5.31	
321.8392	37.1167	5.31	
93.2129	65.7183	5.32	
123.2033	68.4742	5.32	
138.4508	43.2178	5.32	
194.9796	66.5972	5.32	
253.2421	31.7017	5.32	
350.4788	31.8125	5.32	
10.2800	39.4586	5.33	
43.4275	38.3375	5.33	
103.2712	59.4486	5.33	
113.7862	30.9611	5.33	
175.2625	34.2017	5.33	
333.1992	34.6047	5.33	
346.9137	46.3872	5.33	
38.9450	34.6875	5.35	
69.9921	53.4731	5.35	
93.9192	59.9992	5.35	
101.7062	57.1692	5.35	
154.0600	29.3106	5.35	
187.4888	58.4058	5.35	
281.5925	75.4339	5.35	
293.6717	42.4128	5.35	
333.0079	60.7594	5.35	
91.6462	38.4828	5.36	
92.4963	58.9358	5.36	
95.4421	53.4522	5.36	
112.4833	49.6725	5.36	
150.2529	31.9236	5.36	
278.4863	52.3536	5.36	
301.5908	35.9725	5.36	
58.9925	47.8714	5.37	
65.6454	25.6292	5.37	Chi Tau
130.2546	45.8339	5.37	
142.8850	35.1031	5.37	
230.4525	32.9339	5.37	
238.6579	43.1386	5.37	
264.1567	48.5856	5.37	
281.0954	39.6128	5.37	Eps2 Lyr
315.2954	46.1558	5.37	
31.2808	77.2814	5.38	
184.7079	75.1606	5.38	
260.0408	25.5375	5.38	
285.0571	50.5336	5.38	
286.2300	53.3967	5.38	
293.7121	29.4631	5.38	
12.6817	64.2475	5.39	
65.4483	60.7356	5.39	
133.5613	30.5794	5.39	
219.7092	44.4044	5.39	
245.6217	33.7036	5.39	Nu2 CrB
257.0083	35.9353	5.39	
260.1650	32.4678	5.39	
301.3867	61.9956	5.39	
310.5525	50.3400	5.39	
311.8892	80.5522	5.39	
6.1979	61.8311	5.40	
28.3221	40.7297	5.40	
84.6587	30.4925	5.40	
202.1129	59.9458	5.40	
244.3137	59.7550	5.40	
294.8604	42.8183	5.40	
332.7912	50.8233	5.40	
11.9421	74.8475	5.41	
62.7079	26.4808	5.41	
79.7500	33.7483	5.41	
120.0487	73.9181	5.41	
142.1667	45.6014	5.41	
143.9150	35.8103	5.41	
240.2612	33.3036	5.41	Rho CrB
321.9171	27.6086	5.41	
11.3217	55.2217	5.42	
14.4592	28.9922	5.42	
82.5425	63.0672	5.42	
121.1962	79.4797	5.42	
188.4121	33.2475	5.42	
279.1550	33.4689	5.42	
9.7913	49.3544	5.43	
41.0217	44.2969	5.43	
66.7617	80.8242	5.43	
78.0933	73.9467	5.43	
137.0004	29.6542	5.43	Tau Cnc
191.8933	66.7903	5.43	
342.4425	55.9028	5.43	
344.2687	48.6842	5.43	
357.2092	62.2144	5.43	
57.3075	70.8711	5.44	
73.0217	63.5053	5.44	
101.1896	28.9708	5.44	
241.5821	67.8103	5.44	
283.7175	41.6028	5.44	
307.8283	49.2203	5.44	Ome2 Cyg
321.9421	66.8092	5.44	
349.8742	48.6253	5.44	
50.0821	77.7347	5.45	
64.8054	50.0489	5.45	
101.5588	79.5647	5.45	
110.7171	55.2814	5.45	
118.6779	47.5647	5.45	
134.2358	32.9103	5.45	Sig2 Cnc
238.9483	37.9469	5.45	Lam CrB
268.7967	72.0050	5.45	Psi2 Dra
299.3079	40.3681	5.45	
313.3275	45.1819	5.45	
67.5004	83.3406	5.46	
204.8767	52.9214	5.46	
222.8600	59.2939	5.46	
231.5725	34.3358	5.46	
244.9796	39.7086	5.46	
268.8550	26.0500	5.46	
307.0608	81.4228	5.46	
336.7721	65.1322	5.46	
44.9579	47.2208	5.47	
49.4475	44.0250	5.47	
53.0358	48.0236	5.47	
82.3188	25.1506	5.47	
86.4750	49.8264	5.47	Omi Aur
108.3475	51.4289	5.47	
128.6508	65.1450	5.47	
140.4304	56.6992	5.47	
165.0613	45.5261	5.47	
260.9196	37.1467	5.47	Rho Her
313.4746	33.4378	5.47	
336.5033	70.7708	5.47	
9.3379	35.3994	5.48	
79.5662	42.7922	5.48	
149.9654	56.8119	5.48	
173.0867	61.0825	5.48	
222.6233	37.2719	5.48	
242.7063	75.8775	5.48	
272.0092	36.4014	5.48	
278.2079	30.5542	5.48	
285.1808	55.6583	5.48	
46.5325	79.4186	5.49	
59.1196	35.0811	5.49	
295.9287	25.7719	5.49	
299.6583	30.9836	5.49	
302.9500	26.8089	5.49	
325.7767	41.1550	5.49	
15.7046	31.8044	5.50	Sig Psc
30.7417	33.2839	5.50	Eps Tri
156.0358	33.7186	5.50	
157.4229	84.2522	5.50	
189.0971	59.4869	5.50	
204.2958	71.2422	5.50	
206.7492	38.5428	5.50	
230.6558	39.5814	5.50	
267.5954	29.3222	5.50	
332.6621	70.1328	5.50	
337.4704	78.8242	5.50	Rho2 Cep
62.1525	38.0397	5.51	
125.9521	53.2197	5.51	
160.7575	26.3256	5.51	
225.7754	35.2058	5.51	
230.0354	29.6161	5.51	Omi CrB
235.7113	52.3608	5.51	
260.4317	39.9744	5.51	
282.8958	52.9750	5.51	
310.2608	32.3072	5.51	
314.8558	59.4386	5.51	
356.7579	57.4514	5.51	
27.9971	55.1475	5.52	
48.8354	30.5567	5.52	
50.5496	27.6075	5.52	
73.7629	55.2592	5.52	
80.0617	41.0861	5.52	
159.7738	53.6683	5.52	
302.6396	26.9042	5.52	
326.8554	60.6928	5.52	
249.0479	52.9003	5.53	
292.8304	50.3067	5.53	
322.7471	60.4594	5.53	
324.0100	45.3747	5.53	
328.1246	28.7933	5.53	
333.4554	45.4408	5.53	
36.8654	31.8014	5.54	
80.7096	41.0294	5.54	
124.8842	75.7569	5.54	
185.0821	26.6194	5.54	
246.3508	37.3939	5.54	
349.1762	53.2136	5.54	
0.4037	61.2231	5.55	
14.1963	60.3628	5.55	
17.8567	64.2028	5.55	
65.0479	50.9208	5.55	
97.1421	30.4931	5.55	
106.5483	34.4739	5.55	
185.2117	57.8639	5.55	
286.6571	28.6286	5.55	
305.0250	68.8803	5.55	
314.5812	44.4717	5.55	
359.2854	55.7058	5.55	
24.5317	57.9775	5.56	
87.7421	27.9678	5.56	
114.6367	35.0486	5.56	
115.3017	48.1317	5.56	
144.1787	31.1617	5.56	
235.9971	32.5158	5.56	Pi CrB
240.8804	76.7936	5.56	
246.4296	78.9639	5.56	
258.1358	62.8744	5.56	
286.2413	31.7444	5.56	
330.5192	58.0006	5.56	
348.3208	57.1683	5.56	
348.9075	70.8881	5.56	
350.6354	60.1336	5.56	
6.0650	52.0200	5.57	
17.9225	65.0189	5.57	
55.2829	37.5800	5.57	
67.0542	83.8078	5.57	
126.6154	27.8936	5.57	Phi1 Cnc
226.3575	48.1511	5.57	
311.9554	47.8319	5.57	
351.2117	32.3850	5.57	
20.9192	37.7150	5.58	
30.7512	64.3900	5.58	
33.9283	25.0431	5.58	
52.2183	49.8483	5.58	
72.3033	31.4372	5.58	
108.9588	47.2400	5.58	
134.1562	64.6039	5.58	
158.3788	34.9886	5.58	
162.8487	59.3200	5.58	
230.8012	30.2878	5.58	Eta CrB
272.4958	36.4664	5.58	
283.4317	36.9717	5.58	Del1 Lyr
304.6192	37.0000	5.58	
305.5225	45.7950	5.58	
310.7958	66.6575	5.58	
332.3067	33.1722	5.58	Pi1 Peg
351.7533	87.3075	5.58	
1.6104	64.1961	5.59	
25.5854	68.0431	5.59	
35.2425	50.1514	5.59	
43.9871	61.5211	5.59	
56.1308	36.4600	5.59	
174.5858	43.6256	5.59	
180.4146	36.0419	5.59	
217.1575	49.8447	5.59	
260.0879	46.2408	5.59	
273.9117	42.1594	5.59	
309.2696	26.4619	5.59	
317.1621	30.2058	5.59	
344.0983	41.6039	5.59	
350.2067	30.4150	5.59	
353.6562	40.2364	5.59	
7.9217	52.8394	5.60	
85.6100	65.6978	5.60	
194.0017	38.3147	5.60	Alp1 CVn
200.0792	40.1506	5.60	
203.5304	55.3486	5.60	
321.3317	46.7144	5.60	
330.7363	44.6500	5.60	
342.8450	61.6969	5.60	
351.8192	70.3597	5.60	
25.1658	43.2978	5.61	
51.1237	33.5358	5.61	
52.0867	33.8075	5.61	
53.0838	84.9111	5.61	
80.0942	62.6536	5.61	
262.7308	31.1583	5.61	
314.6254	50.4622	5.61	
13.7213	83.7072	5.62	
145.5012	39.7578	5.62	
207.1612	31.1903	5.62	
234.4129	69.2833	5.62	
239.7404	36.6439	5.62	
262.9567	28.4075	5.62	
283.5550	27.9094	5.62	
297.9963	47.0275	5.62	
306.8929	38.4403	5.62	
324.7400	57.4892	5.62	
26.9367	63.8522	5.63	
30.9137	25.9356	5.63	
32.7200	39.0394	5.63	
173.7704	54.7853	5.63	
196.4679	45.2686	5.63	
224.0958	49.6286	5.63	
242.9500	36.4250	5.63	
275.2379	29.8589	5.63	
284.1067	65.2581	5.63	
353.6592	33.4972	5.63	
18.0696	79.6739	5.64	
25.5146	35.2456	5.64	
96.6075	56.2850	5.64	
112.7196	68.4656	5.64	
123.2871	29.6567	5.64	
124.4600	59.5711	5.64	
129.7987	65.0208	5.64	Pi1 UMa
145.8887	29.9744	5.64	
222.5850	82.5119	5.64	
224.9037	39.2653	5.64	
243.6700	33.8586	5.64	Sig CrB
277.4371	77.5469	5.64	
301.1504	32.2186	5.64	
317.9508	59.9864	5.64	
17.5783	42.0814	5.65	
114.1317	46.1803	5.65	
247.9471	45.5983	5.65	
259.7021	28.8231	5.65	
261.4221	60.0483	5.65	
325.8571	38.2839	5.65	
337.5075	32.5725	5.65	
11.4125	74.9881	5.66	
56.4971	45.6819	5.66	
57.5188	44.9678	5.66	
72.7887	48.7408	5.66	
129.5925	53.4014	5.66	
133.1442	32.4742	5.66	Sig1 Cnc
182.9633	25.8703	5.66	
184.0317	40.6603	5.66	
230.0217	51.9586	5.66	
284.1875	57.8150	5.66	
303.8487	33.7294	5.66	
319.8158	58.6236	5.66	
1.1750	67.1667	5.67	
11.1100	47.8642	5.67	
29.0388	37.2517	5.67	
32.1688	58.4236	5.67	
70.3504	48.3008	5.67	
162.7962	56.5822	5.67	
227.0992	26.3011	5.67	
245.9458	61.6967	5.67	
260.4392	53.4206	5.67	
269.9842	45.5014	5.67	
310.4854	41.7169	5.67	
313.9575	47.4178	5.67	
77.6788	46.9622	5.68	
105.3396	70.8081	5.68	
270.0383	80.0042	5.68	
309.7479	30.3344	5.68	
320.2088	32.4528	5.68	
321.1417	26.1744	5.68	
338.0675	76.2264	5.68	
29.6400	49.2042	5.69	
99.6646	39.3908	5.69	
145.5617	69.2375	5.69	
222.4221	48.7206	5.69	
285.3225	26.2914	5.69	
297.6554	40.5997	5.69	
305.2975	63.9803	5.69	
306.7596	49.3833	5.69	
320.5017	49.3889	5.69	
325.5954	41.0772	5.69	
23.3575	58.3275	5.70	
64.2233	61.8503	5.70	
177.4238	34.9317	5.70	
184.3771	28.9372	5.70	
186.8963	55.7128	5.70	
206.6488	54.4328	5.70	
208.4625	53.7286	5.70	
219.5521	43.6419	5.70	
280.9650	31.9267	5.70	
331.3946	28.9639	5.70	
346.9392	49.2958	5.70	
347.4338	59.3331	5.70	
38.9117	37.3122	5.71	
64.2842	57.8606	5.71	
73.1992	42.5867	5.71	
102.4221	32.6067	5.71	
108.9879	27.8975	5.71	
124.8221	62.5072	5.71	
183.7854	70.2000	5.71	
271.4567	32.2306	5.71	
300.9058	29.8967	5.71	
328.0042	55.7969	5.71	
333.6850	42.9539	5.71	
338.4192	56.6250	5.71	
3.3783	41.0353	5.72	
47.4029	29.0769	5.72	
62.7458	33.5867	5.72	
112.2150	48.1839	5.72	
143.7233	72.2056	5.72	
163.7425	34.0347	5.72	
252.6625	29.8067	5.72	
259.9042	80.1364	5.72	
304.9029	62.2575	5.72	
66.1217	34.1306	5.73	
84.1467	54.4289	5.73	
90.2442	47.9019	5.73	
100.1200	77.9958	5.73	
103.8275	25.3756	5.73	
115.0608	38.3444	5.73	
122.6133	25.5072	5.73	Psi Cnc
133.3442	61.9622	5.73	
149.9008	29.6453	5.73	
175.3929	31.7461	5.73	
220.9350	40.4592	5.73	
281.2008	37.5944	5.73	Zet2 Lyr
293.5825	51.2367	5.73	
317.5650	53.5633	5.73	
338.9679	39.6342	5.73	
4.2379	61.5333	5.74	
6.2767	53.0469	5.74	
79.5554	73.2681	5.74	
81.7846	30.2086	5.74	
134.2083	45.6319	5.74	
151.1513	53.8917	5.74	
167.3296	36.3094	5.74	
218.6650	49.3683	5.74	
222.3279	46.1161	5.74	
233.9879	54.6306	5.74	
246.1054	55.2050	5.74	
263.2804	41.2436	5.74	
279.3896	62.5267	5.74	
343.9354	36.3517	5.74	
0.5425	27.0819	5.75	
34.4996	57.8997	5.75	
74.0296	52.8694	5.75	
136.0017	54.2839	5.75	
139.6083	35.3642	5.75	
160.4512	68.4433	5.75	
171.4879	55.8506	5.75	
234.5675	46.7978	5.75	
238.8775	42.5661	5.75	
255.5779	25.5056	5.75	
265.9971	53.8017	5.75	
291.8579	52.3206	5.75	Iot1 Cyg
302.8954	62.0786	5.75	
310.6467	82.5311	5.75	
323.2358	49.9778	5.75	
334.5529	62.8044	5.75	
351.7808	42.9119	5.75	
55.6779	59.9694	5.76	
58.4112	48.6506	5.76	
66.1558	33.9597	5.76	
80.3029	29.5700	5.76	
111.1392	27.6381	5.76	
155.5437	41.2294	5.76	
218.1287	55.3978	5.76	
298.7013	36.9961	5.76	
304.6033	55.3972	5.76	
319.8700	49.5103	5.76	
341.5425	44.5461	5.76	
40.7617	55.1058	5.77	
57.9738	34.3592	5.77	
68.0075	53.9108	5.77	
110.3229	45.2281	5.77	
120.3363	59.0475	5.77	
157.5267	38.9253	5.77	
201.7363	78.6439	5.77	
283.6962	48.8597	5.77	
296.8658	38.4075	5.77	
312.8675	28.2506	5.77	
350.2221	38.1822	5.77	
25.8321	60.5511	5.78	
39.4004	65.7456	5.78	
41.9483	81.4483	5.78	
70.3325	28.6150	5.78	
93.0837	32.6933	5.78	
107.8462	26.8567	5.78	
109.5092	40.8833	5.78	
128.6825	36.4194	5.78	
192.3225	27.5522	5.78	
244.1867	29.1503	5.78	Ups CrB
308.4788	46.6939	5.78	
311.0917	56.4881	5.78	
330.4608	52.8822	5.78	
331.2975	26.6739	5.78	
5.1896	32.9114	5.79	
9.1137	60.3261	5.79	
17.1387	58.2636	5.79	
27.1733	32.6903	5.79	
28.0392	50.7928	5.79	
33.9417	25.7831	5.79	
48.0592	27.2569	5.79	
48.9500	57.1408	5.79	
99.5958	28.9842	5.79	
198.8833	40.8553	5.79	
201.5337	72.3914	5.79	
230.6600	63.3414	5.79	
232.7321	64.2086	5.79	
249.0467	46.6133	5.79	
262.7000	86.9681	5.79	
265.4917	72.1569	5.79	Psi1 Dra
303.3654	60.6406	5.79	
333.0929	63.2914	5.79	
337.2925	26.7631	5.79	
339.3042	75.3717	5.79	
349.9683	42.0781	5.79	
1.2758	61.3142	5.80	
17.5808	25.4578	5.80	
42.9946	68.8886	5.80	
56.5037	67.2017	5.80	
58.4304	57.9750	5.80	
111.2383	51.8872	5.80	
160.9304	57.1992	5.80	
174.0746	27.7811	5.80	
181.3129	76.9058	5.80	
222.4933	28.6158	5.80	
256.3321	54.4703	5.80	Mu Dra
322.0346	32.2253	5.80	
328.7217	56.6114	5.80	
354.3833	44.4292	5.80	
17.7929	37.7242	5.81	
22.8075	70.2647	5.81	
53.3962	39.8994	5.81	
74.5392	25.0503	5.81	
184.3729	53.1911	5.81	
186.2633	56.7775	5.81	
227.1479	25.1086	5.81	
238.0692	55.8267	5.81	
287.1075	52.4256	5.81	
314.1062	50.7286	5.81	
343.4171	44.7492	5.81	
343.5292	40.3769	5.81	
27.3154	47.8969	5.82	
29.4325	27.8044	5.82	
35.7096	41.3964	5.82	
52.6542	48.1036	5.82	
135.3504	32.2525	5.82	
154.5083	65.1083	5.82	
194.0733	54.0994	5.82	
199.6158	34.0981	5.82	
294.6717	54.9739	5.82	
316.6263	31.1847	5.82	
10.5142	66.1475	5.83	
38.2188	34.5425	5.83	
84.2867	26.9242	5.83	
120.2329	25.3928	5.83	Ome1 Cnc
149.5950	72.8794	5.83	
172.2692	61.7783	5.83	
240.8308	36.6317	5.83	
256.3325	54.4703	5.83	Mu Dra
276.4950	29.8289	5.83	
315.5379	56.6697	5.83	
319.8425	38.2375	5.83	
336.6771	78.7858	5.83	Rho1 Cep
16.0817	61.5803	5.84	
40.7488	53.5261	5.84	
154.1746	25.3714	5.84	
178.9933	56.5986	5.84	
193.7354	47.1967	5.84	
234.6429	50.4233	5.84	
290.9854	43.3881	5.84	
295.9375	41.7731	5.84	
304.5292	40.7322	5.84	
348.6554	74.2311	5.84	
353.7458	71.6422	5.84	
57.4029	63.2972	5.85	
99.4104	56.8575	5.85	
123.4592	56.4522	5.85	
142.6800	33.6556	5.85	
152.8033	37.4019	5.85	
159.7817	37.9100	5.85	
192.1642	60.3200	5.85	
192.2775	83.4181	5.85	
205.3746	64.8225	5.85	
219.5633	54.0233	5.85	
237.1433	28.1567	5.85	
261.6842	48.2600	5.85	
288.8533	30.5264	5.85	
301.5575	53.1658	5.85	
0.6504	66.0989	5.86	
42.1912	25.1881	5.86	
62.5063	86.6261	5.86	
72.3292	32.5883	5.86	
104.2333	46.7050	5.86	
236.9083	55.3767	5.86	
264.2867	72.4558	5.86	
271.9563	26.1014	5.86	
328.8796	65.3208	5.86	
4.6596	31.5172	5.87	
7.8567	33.5817	5.87	
12.0379	72.6750	5.87	
61.5129	68.6800	5.87	
70.8400	49.9739	5.87	
91.2642	42.9817	5.87	
98.1133	32.4547	5.87	
104.1346	46.2742	5.87	Psi9 Aur
206.5563	41.0886	5.87	
207.7883	34.6644	5.87	
234.3833	54.5089	5.87	
242.9483	42.3744	5.87	
251.8325	42.2389	5.87	
292.8408	26.6172	5.87	
316.5971	71.4319	5.87	
1.0567	62.2878	5.88	
23.5692	37.2372	5.88	
42.9237	46.8419	5.88	
65.4658	56.5067	5.88	
68.6583	28.9611	5.88	
97.6967	58.1628	5.88	
127.4425	67.2975	5.88	
169.1746	49.4764	5.88	
201.5692	46.0281	5.88	
272.9379	33.4469	5.88	
281.6796	52.9881	5.88	
307.3350	36.4547	5.88	
334.1104	57.2203	5.88	
338.1100	39.7797	5.88	
4.2879	47.9475	5.89	
28.9767	37.2778	5.89	
37.2021	29.9319	5.89	
44.9162	41.0331	5.89	
46.8292	64.0578	5.89	
89.8408	49.9244	5.89	
104.2521	33.6811	5.89	
125.1088	57.7433	5.89	
134.1271	40.2017	5.89	
145.3967	31.2781	5.89	
167.4104	43.2075	5.89	
191.8288	62.7808	5.89	
192.5446	37.5169	5.89	
284.5079	38.2661	5.89	
333.4108	28.6083	5.89	
5.1017	30.9358	5.90	
27.7379	51.9333	5.90	
39.2383	38.7328	5.90	
45.4754	26.4622	5.90	
48.3500	48.1769	5.90	
49.9825	27.0711	5.90	
53.1667	35.4617	5.90	
88.7458	31.7017	5.90	
97.5125	46.6856	5.90	
128.2292	38.0164	5.90	
155.7762	33.9081	5.90	
157.9642	32.3794	5.90	
208.2929	28.6481	5.90	
231.9642	60.6703	5.90	
271.9563	26.0975	5.90	
305.9350	37.4764	5.90	
314.1079	49.1958	5.90	
315.9483	53.2861	5.90	
342.0454	37.4167	5.90	
342.7592	85.3736	5.90	
357.4208	36.4253	5.90	
106.8429	34.0094	5.91	
129.8233	52.7117	5.91	
197.5133	38.4989	5.91	
205.6637	78.0644	5.91	
244.7967	49.0381	5.91	
282.4413	32.8128	5.91	Nu1 Lyr
290.0671	57.6453	5.91	
298.0300	47.9319	5.91	
304.0025	45.5794	5.91	
307.3629	56.0681	5.91	
316.3721	78.1264	5.91	
343.7608	37.0769	5.91	
15.9042	61.0750	5.92	
24.1133	48.7228	5.92	
37.6350	25.2350	5.92	
65.0600	41.8081	5.92	
100.1342	71.7489	5.92	
109.3904	52.1308	5.92	
114.1958	55.7553	5.92	
114.4746	48.7736	5.92	
116.6671	65.4558	5.92	
236.6450	55.4747	5.92	
250.4029	26.9169	5.92	
296.0771	69.3369	5.92	
299.8354	45.7722	5.92	
303.0029	26.4789	5.92	
342.5908	41.9536	5.92	
8.2933	54.8950	5.93	
50.4692	49.0708	5.93	
105.8767	29.3372	5.93	
122.5158	58.2481	5.93	
137.2129	33.8822	5.93	
149.3067	57.4183	5.93	
163.3779	69.8539	5.93	
225.3629	60.2044	5.93	
240.5229	52.9158	5.93	
304.3804	66.8539	5.93	
305.6887	41.0261	5.93	
329.7225	62.6983	5.93	
340.0767	53.8461	5.93	
7.5829	59.9772	5.94	
27.1621	37.9528	5.94	
68.3779	72.5286	5.94	
69.1008	64.2617	5.94	
81.1604	31.1431	5.94	
81.7037	34.3917	5.94	
86.6267	56.1156	5.94	
95.5150	59.3722	5.94	
99.4225	61.4811	5.94	
129.5792	32.8019	5.94	
144.8663	67.2722	5.94	
172.6296	43.1733	5.94	
206.5792	38.5039	5.94	
248.1071	60.8233	5.94	
259.5971	38.8114	5.94	
261.6925	34.6958	5.94	
295.6858	32.4267	5.94	
321.4458	36.6675	5.94	
340.4004	41.5494	5.94	
347.6133	43.5442	5.94	
41.2071	67.8247	5.95	
47.9283	81.4706	5.95	
75.0763	39.3947	5.95	
133.1492	28.3308	5.95	Rho1 Cnc
136.3504	48.5303	5.95	
137.6612	30.9631	5.95	
191.2479	39.2789	5.95	
206.6804	25.7022	5.95	
272.6317	54.2867	5.95	
273.8208	68.7558	5.95	
296.9525	25.3839	5.95	
310.0129	43.4586	5.95	
318.9258	77.0122	5.95	
326.2221	62.4606	5.95	
341.0217	39.4656	5.95	
354.7933	75.2928	5.95	
356.6529	66.7822	5.95	
1.5667	58.4367	5.96	
21.5775	43.4578	5.96	
49.4408	39.2833	5.96	
52.8367	27.5719	5.96	
76.1658	74.0669	5.96	
79.0758	34.3119	5.96	
84.8267	29.2153	5.96	
90.4296	48.9594	5.96	
138.9692	72.9461	5.96	
155.2642	68.7475	5.96	
179.8233	33.1675	5.96	
207.4396	61.4892	5.96	
293.4233	49.2625	5.96	
295.4538	50.5253	5.96	
299.6196	63.5342	5.96	
307.3646	81.0914	5.96	
314.1446	44.9250	5.96	
14.6296	66.3522	5.97	
71.6850	40.3128	5.97	
73.1963	27.8975	5.97	
97.0608	70.5356	5.97	
138.8096	34.6336	5.97	
139.3800	46.8172	5.97	
233.8179	53.9219	5.97	
315.3038	36.0261	5.97	
321.2071	80.5247	5.97	
357.4142	28.8425	5.97	
359.2650	42.6583	5.97	
14.5592	33.9508	5.98	
15.7263	41.3450	5.98	
34.5187	57.5167	5.98	
53.4125	54.9747	5.98	
88.1671	33.9175	5.98	
90.2925	31.0347	5.98	
125.1679	72.4072	5.98	
137.1971	26.6292	5.98	
205.5962	82.7525	5.98	
205.6808	34.9889	5.98	
230.6554	62.0472	5.98	
243.6396	73.3950	5.98	
250.7750	77.5142	5.98	
287.9417	31.2833	5.98	
319.3096	55.7981	5.98	
336.9425	31.8403	5.98	
351.9183	25.1672	5.98	
354.8379	74.0028	5.98	
16.0100	52.5022	5.99	
25.4133	30.0472	5.99	
70.4596	38.2803	5.99	
133.0417	42.0025	5.99	
133.0483	45.3125	5.99	
228.5254	31.7881	5.99	
250.9654	34.0389	5.99	
265.3408	51.8181	5.99	
270.1517	33.2139	5.99	
274.9671	29.6661	5.99	
281.0758	61.0481	5.99	
30.7196	64.9014	6.00	
82.7025	41.4619	6.00	
104.7617	38.0522	6.00	
154.8617	48.3969	6.00	
155.1300	54.2169	6.00	
161.2667	67.4114	6.00	
164.8867	36.0931	6.00	
166.1300	38.2414	6.00	
182.7500	81.7100	6.00	
195.4450	63.6103	6.00	
234.8425	36.6367	6.00	Zet1 CrB
253.3233	47.4169	6.00	
269.6762	36.2878	6.00	
279.9700	52.1961	6.00	
289.2142	46.9992	6.00	
358.8900	47.3558	6.00	
358.8904	57.4122	6.00	
